日期,品种,来源,合约名称,形态,方向,信号质量,触发价,止损价,目标价R,状态,触发日,了结日,了结价,实现R,浮动R,确认收盘价,执行差R,今日重点,市场地形,签发连亏
2026-07-16,cf,形态,棉花,看跌Pin,空,53.0,16019.09,16220.0,15516.83,持有中,2026-07-17,,,,1.61,15750.0,1.339,❄️冷却(连亏5),混沌,
2026-07-16,m,形态,豆粕,看跌Pin,空,52.0,3055.33,3097.0,2951.17,假突破,,2026-07-17,3055.33,0.0,,,,❄️冷却(连亏5),混沌,
2026-07-16,p,形态,棕榈油,合并Pin(3),空,79.0,9186.31,9374.0,8717.1,过期,,2026-07-21,,0.0,,,,❄️冷却(连亏7),混沌,
2026-07-16,rm,形态,菜粕,Fakey(空),空,74.0,2302.22,2336.0,2217.78,快速止损,2026-07-17,2026-07-21,2336.0,-1.0,,2286.0,0.48,❄️冷却(连亏9),反转,
2026-07-16,sr,形态,白糖,大阴线,空,63.0,5149.61,5232.0,4943.65,持有中,2026-07-17,,,,0.74,5124.0,0.311,❄️冷却(连亏6),趋势,
2026-07-16,sr,互搏,白糖,空空空(轻仓),空,,5149.54,5232.0,4984.62,持有中,2026-07-17,,,,0.73,5124.0,0.31,❄️冷却(连亏6),趋势,
2026-07-16,cj,形态,红枣,合并Pin(3),空,80.0,8036.91,8250.0,7504.2,持有中,2026-07-17,,,,0.27,7895.0,0.666,❄️冷却(连亏5),趋势,
2026-07-16,ps,形态,多晶硅,十字星,多,7.0,35533.19,34750.0,37491.17,过期,,2026-07-21,,0.0,,,,❄️冷却(连亏5),反转,
2026-07-16,sn,形态,锡,看涨Pin,多,69.0,416588.99,404750.0,446186.48,假突破,,2026-07-20,416588.99,0.0,,,,❄️冷却(连亏6),混沌,
2026-07-16,zn,形态,锌,看涨Pin,多,68.0,24765.47,24585.0,25216.65,假突破,,2026-07-17,24765.47,0.0,,,,❄️冷却(连亏5),混沌,
2026-07-16,ni,形态,镍,大阳线,多,33.0,133726.72,128720.0,146243.5,过期,,2026-07-21,,0.0,,,,❄️冷却(连亏8),趋势,
2026-07-16,ni,互搏,镍,空多多2(加仓⇧),多,,133725.2,128720.0,143735.6,过期,,2026-07-21,,0.0,,,,❄️冷却(连亏8),趋势,
2026-07-16,br,形态,合成橡胶,内包线,多,77.0,13947.21,13345.0,15452.73,假突破,,2026-07-17,13947.21,0.0,,,,🎯重点2,趋势,
2026-07-16,fg,形态,玻璃,合并阴(2),空,56.0,926.05,958.0,846.18,持有中,2026-07-17,,,,1.75,900.0,0.815,❄️冷却(连亏11),混沌,
2026-07-16,sa,形态,纯碱,合并阴(2),空,66.0,1028.99,1066.0,936.45,达标,2026-07-17,2026-07-30,936.45,2.5,,1007.0,0.594,❄️冷却(连亏3),趋势,
2026-07-16,eg,形态,乙二醇,十字星,多,29.0,4704.48,4552.0,5085.67,达标,2026-07-20,2026-07-30,5085.67,2.5,,4785.0,0.528,❄️冷却(连亏4),趋势,
2026-07-16,pp,形态,聚丙烯,合并阳(3),多,56.0,8225.87,7645.0,9678.06,持有中,2026-07-20,,,,0.24,8462.0,0.407,❄️冷却(连亏4),趋势,
2026-07-16,l,形态,聚乙烯,Fakey(空),空,74.0,7662.27,7842.0,7212.94,快速止损,2026-07-17,2026-07-20,7842.0,-1.0,,7618.0,0.246,❄️冷却(连亏2),趋势,
2026-07-16,pg,形态,液化气,合并阳(3),多,22.0,5240.93,4853.0,6210.76,假突破,,2026-07-17,5240.93,0.0,,,,🎯重点4,趋势,
2026-07-16,eb,形态,苯乙烯,合并阳(3),多,69.0,8670.55,7920.0,10546.94,假突破,,2026-07-17,8670.55,0.0,,,,🎯重点3,趋势,
2026-07-16,sc,形态,原油,内包线,空,82.0,507.56,524.6,464.95,假突破,,2026-07-17,507.56,0.0,,,,❄️冷却(连亏5),趋势,
2026-07-16,sh,形态,烧碱,看跌Pin,空,86.0,1895.61,1956.0,1744.64,持有中,2026-07-17,,,,0.89,1858.0,0.623,🎯重点1,混沌,
2026-07-16,v,形态,PVC,合并Pin(2),空,73.0,4564.12,4638.0,4379.43,快速止损,2026-07-17,2026-07-20,4638.0,-1.0,,4440.0,1.68,❄️冷却(连亏4),趋势,
2026-07-16,au,形态,黄金,内包线,空,93.0,876.17,894.9,829.35,假突破,,2026-07-17,876.17,0.0,,,,❄️冷却(连亏5),趋势,
2026-07-16,tl,形态,30年国债,合并Pin(3),空,40.0,113.44,113.98,112.09,过期,,2026-07-21,,0.0,,,,❄️冷却(连亏2),混沌,
2026-07-16,ic,形态,中证500股指,合并阴(2),空,34.0,7811.56,8192.2,6859.96,持有中,2026-07-17,,,,1.49,7389.0,1.11,❄️冷却(连亏12),混沌,
2026-07-16,sm,形态,锰硅,十字星,空,47.0,5854.56,5912.0,5710.96,达标,2026-07-17,2026-07-22,5710.96,2.5,,5822.0,0.567,❄️冷却(连亏5),趋势,
2026-07-16,j,形态,焦炭,合并Pin(3),空,62.0,1851.98,1894.5,1745.68,持有中,2026-07-20,,,,0.73,1840.0,0.282,❄️冷却(连亏3),趋势,
2026-07-16,jm,形态,焦煤,内包线,空,60.0,1246.63,1281.5,1159.46,假突破,,2026-07-21,1246.63,0.0,,,,❄️冷却(连亏4),混沌,
2026-07-16,ss,形态,不锈钢,合并阳(3),多,51.0,14792.32,14305.0,16010.64,假突破,,2026-07-17,14792.32,0.0,,,,❄️冷却(连亏5),混沌,
2026-07-16,hc,形态,热轧卷板,内包线,空,99.0,3293.66,3332.0,3197.79,假突破,,2026-07-20,3293.66,0.0,,,,❄️冷却(连亏6),混沌,
2026-07-16,rb,形态,螺纹钢,内包线,空,92.0,3088.65,3120.0,3010.27,假突破,,2026-07-21,3088.65,0.0,,,,❄️冷却(连亏7),趋势,
2026-07-16,i,形态,铁矿石,看涨Pin,多,45.0,762.6,754.0,784.11,假突破,,2026-07-17,762.6,0.0,,,,❄️冷却(连亏9),趋势,
2026-07-18,oi,形态,菜油,看跌吞没,空,62.0,9913.18,10078.0,9501.14,过期,,2026-07-22,,0.0,,,,❄️降权(连亏3),反转,3.0
2026-07-18,oi,互搏,菜油,多空空1(轻仓),空,,9913.5,10078.0,9584.5,过期,,2026-07-22,,0.0,,,,❄️降权(连亏3),反转,3.0
2026-07-18,m,形态,豆粕,合并Pin(2),空,37.0,3053.34,3097.0,2944.17,过期,,2026-07-22,,0.0,,,,❄️降权(连亏5),趋势,5.0
2026-07-18,cf,形态,棉花,合并阴(2),空,43.0,15723.84,16220.0,14483.44,过期,,2026-07-22,,0.0,,,,❄️降权(连亏5),混沌,5.0
2026-07-18,sr,形态,白糖,合并阴(2),空,81.0,5118.63,5232.0,4835.2,过期,,2026-07-22,,0.0,,,,🎯重点7,趋势,6.0
2026-07-18,cj,形态,红枣,合并阴(2),空,73.0,7866.72,8210.0,7008.51,假突破,,2026-07-20,7866.72,0.0,,,,❄️降权(连亏3),趋势,3.0
2026-07-18,cj,互搏,红枣,空空空(轻仓),空,,7867.07,8115.0,7371.21,假突破,,2026-07-20,7867.07,0.0,,,,❄️降权(连亏3),趋势,3.0
2026-07-18,pb,形态,铅,合并阳(2),多,42.0,15939.3,15490.0,17062.57,假突破,,2026-07-20,15939.3,0.0,,,,❄️降权(连亏5),趋势,5.0
2026-07-18,ni,形态,镍,大阴线,空,58.0,128248.72,133160.0,115970.52,过期,,2026-07-22,,0.0,,,,❄️降权(连亏7),趋势,7.0
2026-07-18,ni,互搏,镍,空多空(重仓),空,,128249.25,133160.0,118427.75,过期,,2026-07-22,,0.0,,,,❄️降权(连亏7),趋势,7.0
2026-07-18,br,形态,合成橡胶,Fakey(空),空,92.0,13457.65,13980.0,12151.78,假突破,,2026-07-21,13457.65,0.0,,,,🎯重点1,趋势,1.0
2026-07-18,fg,形态,玻璃,大阴线,空,75.0,898.02,931.0,815.57,持有中,2026-07-20,,,,0.85,890.0,0.243,今日不优先,混沌,0.0
2026-07-18,fg,互搏,玻璃,空空空(轻仓)⭐契合,空,,898.13,931.0,832.39,持有中,2026-07-20,,,,0.86,890.0,0.247,今日不优先,混沌,0.0
2026-07-18,sa,形态,纯碱,合并阴(2),空,81.0,1004.97,1055.0,879.88,假突破,,2026-07-20,1004.97,0.0,,,,❄️降权(连亏3),趋势,3.0
2026-07-18,sp,形态,纸浆,大阴线,空,55.0,4716.5,4826.0,4442.74,过期,,2026-07-22,,0.0,,,,❄️降权(连亏10),趋势,10.0
2026-07-18,pp,形态,聚丙烯,内包线,空,54.0,8004.37,8176.0,7575.28,过期,,2026-07-22,,0.0,,,,❄️降权(连亏4),趋势,4.0
2026-07-18,pg,形态,液化气,看跌Pin,空,99.0,5181.26,5284.0,4924.41,过期,,2026-07-22,,0.0,,,,🎯重点2,趋势,2.0
2026-07-18,sc,形态,原油,Fakey(空),空,92.0,500.95,526.2,437.84,过期,,2026-07-22,,0.0,,,,🎯重点4,趋势,5.0
2026-07-18,v,形态,PVC,大阴线,空,68.0,4428.92,4613.0,3968.72,过期,,2026-07-22,,0.0,,,,❄️降权(连亏4),趋势,4.0
2026-07-18,v,互搏,PVC,空多空(重仓),空,,4429.17,4613.0,4061.51,过期,,2026-07-22,,0.0,,,,❄️降权(连亏4),趋势,4.0
2026-07-18,tl,形态,30年国债,看涨吞没,多,77.0,114.02,113.52,115.27,达标,2026-07-22,2026-07-30,115.27,2.5,,114.6,1.16,🎯重点6,混沌,3.0
2026-07-18,tl,互搏,30年国债,多空多(重仓),多,,114.02,113.52,115.02,达标,2026-07-22,2026-07-27,115.02,2.0,,114.6,1.16,🎯重点6,混沌,3.0
2026-07-18,if,形态,沪深300股指,大阴线,空,46.0,4436.33,4633.8,3942.64,过期,,2026-07-22,,0.0,,,,❄️降权(连亏9),混沌,9.0
2026-07-18,if,互搏,沪深300股指,空空空(轻仓),空,,4435.82,4633.8,4039.86,过期,,2026-07-22,,0.0,,,,❄️降权(连亏9),混沌,9.0
2026-07-18,ic,形态,中证500股指,大阴线,空,56.0,7350.66,7848.2,6106.83,持有中,2026-07-20,,,,0.21,7302.2,0.097,❄️降权(连亏11),混沌,11.0
2026-07-18,ic,互搏,中证500股指,空空空(轻仓),空,,7349.82,7848.2,6353.06,持有中,2026-07-20,,,,0.21,7302.2,0.096,❄️降权(连亏11),混沌,11.0
2026-07-18,sf,形态,硅铁,看跌吞没,空,59.0,5754.05,5840.0,5539.19,假突破,,2026-07-21,5754.05,0.0,,,,❄️降权(连亏4),混沌,4.0
2026-07-18,sf,互搏,硅铁,多空空1(轻仓),空,,5754.72,5840.0,5584.16,假突破,,2026-07-21,5754.72,0.0,,,,❄️降权(连亏4),混沌,4.0
2026-07-18,sm,互搏,锰硅,空多空(重仓),空,,5805.1,5898.0,5619.3,持有中,2026-07-20,,,,1.3,5802.0,0.033,—,反转,6.0
2026-07-18,j,形态,焦炭,内包线,空,61.0,1852.55,1884.5,1772.68,持有中,2026-07-20,,,,0.99,1840.0,0.393,❄️降权(连亏3),趋势,3.0
2026-07-18,jm,形态,焦煤,看跌Pin,空,73.0,1254.68,1278.5,1195.14,假突破,,2026-07-21,1254.68,0.0,,,,❄️降权(连亏4),混沌,4.0
2026-07-18,hc,形态,热轧卷板,Fakey(空),空,92.0,3315.68,3335.0,3267.37,达标,2026-07-20,2026-07-30,3267.37,2.5,,3298.0,0.915,🎯重点5,混沌,7.0
2026-07-18,rb,形态,螺纹钢,Fakey(空),空,92.0,3108.67,3128.0,3060.35,达标,2026-07-20,2026-07-28,3060.35,2.5,,3096.0,0.655,🎯重点3,趋势,8.0
2026-07-20,m,形态,豆粕,大阳线,多,79.0,3136.77,3071.0,3301.18,止损,2026-07-21,2026-07-30,3071.0,-1.0,,3148.0,0.171,❄️降权(连亏6),趋势,6.0
2026-07-20,m,互搏,豆粕,多多多(轻仓),多,,3136.81,3071.0,3268.43,止损,2026-07-21,2026-07-30,3071.0,-1.0,,3148.0,0.17,❄️降权(连亏6),趋势,6.0
2026-07-20,y,形态,豆油,合并Pin(3),多,79.0,8635.19,8511.0,8945.66,过期,,2026-07-23,,0.0,,,,🎯重点4,混沌,11.0
2026-07-20,c,形态,玉米,合并阴(2),空,58.0,2268.03,2305.0,2175.59,假突破,,2026-07-21,2268.03,0.0,,,,❄️降权(连亏5),混沌,5.0
2026-07-20,ps,形态,多晶硅,合并阴(2),空,50.0,33061.7,35250.0,27590.96,假突破,,2026-07-21,33061.7,0.0,,,,❄️降权(连亏4),混沌,4.0
2026-07-20,sn,形态,锡,合并Pin(3),多,55.0,418542.19,401540.0,461047.67,假突破,,2026-07-21,418542.19,0.0,,,,❄️降权(连亏7),混沌,7.0
2026-07-20,zn,形态,锌,十字星,多,29.0,24575.64,24235.0,25427.24,假突破,,2026-07-22,24575.64,0.0,,,,弱评分·观察,混沌,1.0
2026-07-20,al,形态,铝,合并Pin(3),空,75.0,22978.55,23470.0,21749.92,假突破,,2026-07-21,22978.55,0.0,,,,🎯重点7,混沌,8.0
2026-07-20,ni,形态,镍,内包线,空,82.0,128248.78,133160.0,115970.75,过期,,2026-07-23,,0.0,,,,🎯重点3,趋势,6.0
2026-07-20,lc,形态,碳酸锂,合并阴(2),空,51.0,141012.74,155300.0,105294.6,假突破,,2026-07-21,141012.74,0.0,,,,❄️降权(连亏9),趋势,9.0
2026-07-20,br,形态,合成橡胶,内包线,多,60.0,14002.23,13480.0,15307.81,过期,,2026-07-23,,0.0,,,,🎯重点6,趋势,2.0
2026-07-20,fg,形态,玻璃,合并阴(2),空,81.0,888.02,931.0,780.57,过期,,2026-07-23,,0.0,,,,🎯重点5,混沌,0.0
2026-07-20,sa,形态,纯碱,看跌Pin,空,97.0,1002.97,1022.0,955.4,假突破,,2026-07-21,1002.97,0.0,,,,🎯重点2,趋势,3.0
2026-07-20,sp,形态,纸浆,合并Pin(3),多,39.0,4863.66,4720.0,5222.81,假突破,,2026-07-21,4863.66,0.0,,,,❄️降权(连亏10),趋势,10.0
2026-07-20,sp,互搏,纸浆,空多多2(加仓⇧),多,,4863.77,4730.0,5131.31,假突破,,2026-07-21,4863.77,0.0,,,,❄️降权(连亏10),趋势,10.0
2026-07-20,pp,形态,聚丙烯,大阳线,多,53.0,8566.33,8108.0,9712.15,过期,,2026-07-23,,0.0,,,,今日不优先,趋势,0.0
2026-07-20,pp,互搏,聚丙烯,多多多(轻仓),多,,8565.65,8108.0,9480.95,过期,,2026-07-23,,0.0,,,,今日不优先,趋势,0.0
2026-07-20,eg,互搏,乙二醇,多多多(轻仓),多,,4889.84,4626.0,5417.52,过期,,2026-07-23,,0.0,,,,—,趋势,1.0
2026-07-20,ma,形态,甲醇,大阳线,多,62.0,2819.71,2643.0,3261.5,过期,,2026-07-23,,0.0,,,,❄️降权(连亏3),趋势,3.0
2026-07-20,ma,互搏,甲醇,空多多2(加仓⇧),多,,2819.11,2643.0,3171.33,过期,,2026-07-23,,0.0,,,,❄️降权(连亏3),趋势,3.0
2026-07-20,l,形态,聚乙烯,大阳线,多,51.0,8022.21,7678.0,8882.75,过期,,2026-07-23,,0.0,,,,❄️降权(连亏4),趋势,4.0
2026-07-20,l,互搏,聚乙烯,多多多(轻仓),多,,8021.17,7678.0,8707.51,过期,,2026-07-23,,0.0,,,,❄️降权(连亏4),趋势,4.0
2026-07-20,pg,形态,液化气,大阳线,多,51.0,5852.87,5472.0,6805.03,过期,,2026-07-23,,0.0,,,,❄️降权(连亏3),趋势,3.0
2026-07-20,pg,互搏,液化气,多多多(轻仓),多,,5850.95,5472.0,6608.85,过期,,2026-07-23,,0.0,,,,❄️降权(连亏3),趋势,3.0
2026-07-20,eb,形态,苯乙烯,看涨吞没,多,72.0,9021.9,8541.0,10224.16,过期,,2026-07-23,,0.0,,,,❄️降权(连亏2),趋势,2.0
2026-07-20,eb,互搏,苯乙烯,多多多(轻仓),多,,9020.56,8541.0,9979.68,过期,,2026-07-23,,0.0,,,,❄️降权(连亏2),趋势,2.0
2026-07-20,sc,互搏,原油,空多多2(加仓⇧),多,,556.0,520.4,627.2,止损,2026-07-22,2026-07-29,520.4,-1.0,,559.4,0.096,—,趋势,6.0
2026-07-20,v,形态,PVC,大阳线,多,58.0,4728.53,4440.0,5449.87,过期,,2026-07-23,,0.0,,,,❄️降权(连亏5),混沌,5.0
2026-07-20,v,互搏,PVC,空多多2(加仓⇧),多,,4728.21,4440.0,5304.63,过期,,2026-07-23,,0.0,,,,❄️降权(连亏5),混沌,5.0
2026-07-20,sh,形态,烧碱,合并Pin(2),多,36.0,1928.46,1853.0,2117.1,过期,,2026-07-23,,0.0,,,,❄️降权(连亏2),混沌,2.0
2026-07-20,sh,互搏,烧碱,空多多2(加仓⇧),多,,1928.02,1860.0,2064.06,过期,,2026-07-23,,0.0,,,,❄️降权(连亏2),混沌,2.0
2026-07-20,tl,形态,30年国债,内包线,多,94.0,114.02,113.52,115.27,达标,2026-07-22,2026-07-30,115.27,2.5,,114.6,1.16,🎯重点1,混沌,3.0
2026-07-20,if,形态,沪深300股指,内包线,多,63.0,4638.93,4441.4,5132.76,止损,2026-07-21,2026-07-30,4441.4,-1.0,,4662.4,0.119,❄️降权(连亏9),混沌,9.0
2026-07-20,ic,形态,中证500股指,合并阴(2),空,65.0,7079.3,7848.2,5157.04,过期,,2026-07-23,,0.0,,,,❄️降权(连亏10),混沌,10.0
2026-07-20,sf,形态,硅铁,内包线,空,56.0,5754.08,5840.0,5539.26,假突破,,2026-07-21,5754.08,0.0,,,,❄️降权(连亏4),混沌,4.0
2026-07-20,sm,形态,锰硅,合并阴(2),空,46.0,5788.5,5898.0,5514.75,持有中,2026-07-21,,,,0.95,5788.0,0.005,❄️降权(连亏6),混沌,6.0
2026-07-20,j,形态,焦炭,Fakey(空),空,74.0,1827.51,1894.0,1661.3,假突破,,2026-07-21,1827.51,0.0,,,,❄️降权(连亏3),趋势,3.0
2026-07-20,j,互搏,焦炭,空空空(轻仓),空,,1827.68,1894.0,1695.04,假突破,,2026-07-21,1827.68,0.0,,,,❄️降权(连亏3),趋势,3.0
2026-07-20,jm,形态,焦煤,Fakey(空),空,74.0,1260.18,1296.0,1170.65,假突破,,2026-07-21,1260.18,0.0,,,,❄️降权(连亏5),混沌,5.0
2026-07-21,oi,形态,菜油,内包线,多,70.0,10115.78,9954.0,10520.24,止损,2026-07-23,2026-07-28,9954.0,-1.0,,10175.0,0.366,❄️降权(连亏3),混沌,3.0
2026-07-21,m,形态,豆粕,合并阳(2),多,92.0,3154.75,3071.0,3364.13,假突破,,2026-07-22,3154.75,0.0,,,,❄️降权(连亏6),趋势,6.0
2026-07-21,y,形态,豆油,合并Pin(2),空,47.0,8519.81,8631.0,8241.84,快速止损,2026-07-22,2026-07-24,8631.0,-1.0,,8442.0,0.7,❄️降权(连亏10),混沌,10.0
2026-07-21,cf,形态,棉花,看涨Pin,多,69.0,16021.39,15750.0,16699.85,假突破,,2026-07-22,16021.39,0.0,,,,❄️降权(连亏4),混沌,4.0
2026-07-21,p,形态,棕榈油,合并Pin(2),空,80.0,9204.33,9394.0,8730.17,假突破,,2026-07-22,9204.33,0.0,,,,❄️降权(连亏5),混沌,5.0
2026-07-21,rm,形态,菜粕,十字星,空,29.0,2327.2,2356.0,2255.18,过期,,2026-07-24,,0.0,,,,❄️降权(连亏11),反转,11.0
2026-07-21,cj,形态,红枣,十字星,多,15.0,7998.14,7825.0,8430.98,过期,,2026-07-24,,0.0,,,,逆势·不追,趋势,1.0
2026-07-21,cu,形态,铜,合并阳(2),多,52.0,105701.48,103000.0,112455.19,持有中,2026-07-22,,,,-0.37,105820.0,0.044,❄️降权(连亏6),混沌,6.0
2026-07-21,zn,形态,锌,内包线,多,62.0,24575.46,24235.0,25426.61,假突破,,2026-07-22,24575.46,0.0,,,,🎯重点4,反转,1.0
2026-07-21,pb,形态,铅,内包线,空,89.0,15770.8,15980.0,15247.81,持有中,2026-07-22,,,,0.15,15725.0,0.219,🎯重点7,趋势,7.0
2026-07-21,ni,形态,镍,内包线,空,82.0,128701.62,131850.0,120830.67,过期,,2026-07-24,,0.0,,,,🎯重点6,趋势,6.0
2026-07-21,br,形态,合成橡胶,Fakey(多),多,52.0,13761.96,13410.0,14641.85,止损,2026-07-22,2026-07-27,13410.0,-1.0,,13765.0,0.009,❄️降权(连亏3),趋势,3.0
2026-07-21,sp,形态,纸浆,合并阳(2),多,26.0,4873.63,4730.0,5232.69,过期,,2026-07-24,,0.0,,,,❄️降权(连亏10),混沌,10.0
2026-07-21,pp,形态,聚丙烯,内包线,空,76.0,8095.65,8554.0,6949.77,过期,,2026-07-24,,0.0,,,,空头待背景,趋势,0.0
2026-07-21,pg,形态,液化气,内包线,空,72.0,5461.11,5842.0,4508.87,过期,,2026-07-24,,0.0,,,,❄️降权(连亏3),趋势,3.0
2026-07-21,eg,形态,乙二醇,内包线,空,74.0,4618.31,4883.0,3956.6,过期,,2026-07-24,,0.0,,,,空头待背景,趋势,1.0
2026-07-21,ma,形态,甲醇,内包线,空,74.0,2638.23,2815.0,2196.31,过期,,2026-07-24,,0.0,,,,❄️降权(连亏3),趋势,3.0
2026-07-21,l,形态,聚乙烯,内包线,空,74.0,7667.71,8012.0,6806.98,过期,,2026-07-24,,0.0,,,,❄️降权(连亏4),趋势,4.0
2026-07-21,eb,形态,苯乙烯,内包线,空,67.0,8526.86,9008.0,7324.02,过期,,2026-07-24,,0.0,,,,❄️降权(连亏2),趋势,2.0
2026-07-21,ta,形态,PTA,看涨Pin,多,48.0,5839.28,5678.0,6242.49,止损,2026-07-22,2026-07-27,5678.0,-1.0,,5890.0,0.314,❄️降权(连亏8),趋势,8.0
2026-07-21,sc,形态,原油,内包线,空,98.0,519.2,555.0,429.7,过期,,2026-07-24,,0.0,,,,🎯重点2,趋势,6.0
2026-07-21,v,形态,PVC,内包线,空,90.0,4434.32,4723.0,3712.63,过期,,2026-07-24,,0.0,,,,❄️降权(连亏5),混沌,5.0
2026-07-21,sh,形态,烧碱,内包线,空,97.0,1857.6,1926.0,1686.6,假突破,,2026-07-24,1857.6,0.0,,,,🎯重点1,混沌,2.0
2026-07-21,ag,形态,白银,合并阳(3),多,21.0,14488.9,13329.0,17388.66,持有中,2026-07-22,,,,-0.39,14531.0,0.036,❄️降权(连亏7),趋势,7.0
2026-07-21,if,形态,沪深300股指,合并Pin(3),多,64.0,4679.05,4441.4,5273.17,假突破,,2026-07-22,4679.05,0.0,,,,❄️降权(连亏8),混沌,8.0
2026-07-21,ic,形态,中证500股指,合并Pin(3),多,64.0,7861.52,7092.0,9785.31,过期,,2026-07-24,,0.0,,,,❄️降权(连亏9),混沌,9.0
2026-07-21,ic,互搏,中证500股指,空多多1(轻仓),多,,7714.65,7201.2,8741.55,假突破,,2026-07-22,7714.65,0.0,,,,❄️降权(连亏9),混沌,9.0
2026-07-21,sf,形态,硅铁,Fakey(多),多,74.0,5795.9,5722.0,5980.66,持有中,2026-07-22,,,,-0.13,5840.0,0.597,❄️降权(连亏6),混沌,6.0
2026-07-21,sm,形态,锰硅,十字星,多,7.0,5805.43,5760.0,5919.0,过期,,2026-07-24,,0.0,,,,❄️降权(连亏6),反转,6.0
2026-07-21,jm,形态,焦煤,看涨Pin,多,77.0,1281.84,1233.0,1403.95,假突破,,2026-07-22,1281.84,0.0,,,,🎯重点5,反转,7.0
2026-07-21,j,形态,焦炭,看涨Pin,多,81.0,1845.45,1808.5,1937.82,持有中,2026-07-23,,,,-0.66,1847.0,0.042,🎯重点3,趋势,3.0
2026-07-21,ss,形态,不锈钢,合并Pin(3),多,60.0,14872.16,14595.0,15565.05,假突破,,2026-07-23,14872.16,0.0,,,,❄️降权(连亏6),混沌,6.0
2026-07-21,hc,形态,热轧卷板,看涨Pin,多,43.0,3308.36,3271.0,3401.76,过期,,2026-07-24,,0.0,,,,❄️降权(连亏9),反转,9.0
2026-07-21,rb,形态,螺纹钢,看涨Pin,多,44.0,3108.38,3067.0,3211.82,过期,,2026-07-24,,0.0,,,,❄️降权(连亏8),趋势,8.0
2026-07-22,oi,形态,菜油,合并Pin(3),空,58.0,9909.21,10109.0,9409.74,过期,,2026-07-27,,0.0,,,,❄️降权(连亏3),反转,3.0
2026-07-22,m,形态,豆粕,合并阳(3),多,95.0,3167.76,3071.0,3409.66,止损,2026-07-23,2026-07-30,3071.0,-1.0,,3175.0,0.075,❄️降权(连亏6),趋势,6.0
2026-07-22,y,形态,豆油,合并阴(2),空,51.0,8425.72,8608.0,7970.02,过期,,2026-07-27,,0.0,,,,❄️降权(连亏9),混沌,9.0
2026-07-22,rm,形态,菜粕,看跌Pin,空,70.0,2338.2,2375.0,2246.19,过期,,2026-07-27,,0.0,,,,❄️降权(连亏11),反转,11.0
2026-07-22,p,形态,棕榈油,合并Pin(3),空,74.0,9188.44,9394.0,8674.53,过期,,2026-07-27,,0.0,,,,❄️降权(连亏5),混沌,5.0
2026-07-22,sr,形态,白糖,内包线,空,84.0,5144.71,5182.0,5051.47,假突破,,2026-07-27,5144.71,0.0,,,,🎯重点4,趋势,5.0
2026-07-22,c,形态,玉米,十字星,多,7.0,2276.93,2263.0,2311.77,快速止损,2026-07-23,2026-07-27,2263.0,-1.0,,2278.0,0.077,❄️降权(连亏3),混沌,3.0
2026-07-22,cj,形态,红枣,内包线,空,100.0,7817.08,7990.0,7384.79,假突破,,2026-07-27,7817.08,0.0,,,,🎯重点1,趋势,1.0
2026-07-22,ps,形态,多晶硅,合并Pin(3),多,40.0,34562.62,33015.0,38431.66,过期,,2026-07-27,,0.0,,,,❄️降权(连亏5),反转,5.0
2026-07-22,cu,形态,铜,合并阳(3),多,65.0,106831.16,103000.0,116409.06,过期,,2026-07-27,,0.0,,,,❄️降权(连亏6),混沌,6.0
2026-07-22,sn,形态,锡,合并阳(3),多,39.0,423127.14,401540.0,477094.99,过期,,2026-07-27,,0.0,,,,❄️降权(连亏8),混沌,8.0
2026-07-22,al,形态,铝,十字星,空,44.0,23103.99,23270.0,22688.97,过期,,2026-07-27,,0.0,,,,❄️降权(连亏9),混沌,9.0
2026-07-22,ni,形态,镍,Fakey(空),空,92.0,130195.19,131880.0,125983.16,过期,,2026-07-27,,0.0,,,,🎯重点2,趋势,6.0
2026-07-22,lc,形态,碳酸锂,看涨Pin,多,57.0,145587.26,137220.0,166505.42,假突破,,2026-07-23,145587.26,0.0,,,,❄️降权(连亏9),趋势,9.0
2026-07-22,ru,形态,天然橡胶,合并Pin(2),多,59.0,17046.37,16600.0,18162.29,假突破,,2026-07-23,17046.37,0.0,,,,❄️降权(连亏5),混沌,5.0
2026-07-22,sp,形态,纸浆,看涨Pin,多,55.0,4847.61,4780.0,5016.63,快速止损,2026-07-23,2026-07-27,4780.0,-1.0,,4854.0,0.095,❄️降权(连亏10),混沌,10.0
2026-07-22,eg,形态,乙二醇,十字星,空,29.0,4728.42,4842.0,4444.48,假突破,,2026-07-23,4728.42,0.0,,,,空头待背景,趋势,1.0
2026-07-22,pg,形态,液化气,看涨Pin,多,69.0,5781.75,5556.0,6346.13,快速止损,2026-07-23,2026-07-27,5556.0,-1.0,,5790.0,0.037,❄️降权(连亏3),趋势,3.0
2026-07-22,sc,形态,原油,合并阳(3),多,50.0,561.11,520.4,662.89,止损,2026-07-23,2026-07-29,520.4,-1.0,,573.0,0.292,❄️降权(连亏6),趋势,6.0
2026-07-22,sh,形态,烧碱,合并Pin(3),空,84.0,1857.64,1926.0,1686.75,假突破,,2026-07-24,1857.64,0.0,,,,🎯重点3,混沌,2.0
2026-07-22,v,形态,PVC,内包线,空,80.0,4539.38,4680.0,4187.84,假突破,,2026-07-23,4539.38,0.0,,,,❄️降权(连亏5),混沌,5.0
2026-07-22,au,形态,黄金,合并阳(2),多,28.0,908.42,875.06,991.83,假突破,,2026-07-23,908.42,0.0,,,,❄️降权(连亏6),趋势,6.0
2026-07-22,ag,形态,白银,合并阳(3),多,32.0,14730.2,13386.0,18090.7,假突破,,2026-07-23,14730.2,0.0,,,,❄️降权(连亏7),趋势,7.0
2026-07-22,tl,形态,30年国债,大阳线,多,80.0,114.62,113.82,116.62,持有中,2026-07-23,,,,0.96,114.72,0.125,🎯重点7,混沌,5.0
2026-07-22,tl,互搏,30年国债,多多多(轻仓),多,,114.62,113.82,116.22,持有中,2026-07-23,,,,0.96,114.72,0.125,🎯重点7,混沌,5.0
2026-07-22,if,形态,沪深300股指,看跌Pin,空,74.0,4628.83,4707.8,4431.4,达标,2026-07-24,2026-07-30,4431.4,2.5,,4578.2,0.641,❄️降权(连亏8),混沌,8.0
2026-07-22,jm,形态,焦煤,合并Pin(2),多,55.0,1284.8,1233.0,1414.31,止损,2026-07-23,2026-07-29,1233.0,-1.0,,1287.5,0.052,❄️降权(连亏8),反转,8.0
2026-07-22,ss,形态,不锈钢,内包线,多,71.0,14861.85,14630.0,15441.47,假突破,,2026-07-23,14861.85,0.0,,,,❄️降权(连亏6),混沌,6.0
2026-07-22,hc,形态,热轧卷板,内包线,空,80.0,3269.64,3307.0,3176.25,过期,,2026-07-27,,0.0,,,,🎯重点5,混沌,9.0
2026-07-22,rb,形态,螺纹钢,内包线,空,86.0,3065.64,3107.0,2962.23,过期,,2026-07-27,,0.0,,,,🎯重点6,趋势,8.0
2026-07-22,i,形态,铁矿石,合并阴(2),空,54.0,736.4,756.0,687.4,过期,,2026-07-27,,0.0,,,,❄️降权(连亏9),趋势,9.0
2026-07-23,oi,形态,菜油,大阳线,多,58.0,10193.05,9947.0,10808.16,快速止损,2026-07-24,2026-07-28,9947.0,-1.0,,10281.0,0.357,❄️降权(连亏3),混沌,3.0
2026-07-23,oi,互搏,菜油,多多多(轻仓),多,,10192.52,9947.0,10683.56,快速止损,2026-07-24,2026-07-28,9947.0,-1.0,,10281.0,0.36,❄️降权(连亏3),混沌,3.0
2026-07-23,m,形态,豆粕,看跌Pin,空,55.0,3159.17,3209.0,3034.6,假突破,,2026-07-27,3159.17,0.0,,,,❄️降权(连亏5),趋势,5.0
2026-07-23,y,形态,豆油,合并Pin(2),多,98.0,8556.34,8430.0,8872.19,快速止损,2026-07-24,2026-07-28,8430.0,-1.0,,8620.0,0.504,🎯重点7,混沌,8.0
2026-07-23,p,形态,棕榈油,大阳线,多,61.0,9522.85,9260.0,10179.97,持有中,2026-07-24,,,,-0.49,9570.0,0.179,❄️降权(连亏6),混沌,6.0
2026-07-23,p,互搏,棕榈油,空多多2(加仓⇧),多,,9522.3,9260.0,10046.9,持有中,2026-07-24,,,,-0.49,9570.0,0.182,❄️降权(连亏6),混沌,6.0
2026-07-23,rm,形态,菜粕,看跌Pin,空,96.0,2357.17,2397.0,2257.6,持有中,2026-07-28,,,,1.71,2335.0,0.557,❄️降权(连亏10),混沌,10.0
2026-07-23,cj,形态,红枣,看跌Pin,空,97.0,7832.25,7930.0,7587.89,假突破,,2026-07-27,7832.25,0.0,,,,🎯重点1,趋势,1.0
2026-07-23,ps,形态,多晶硅,内包线,空,73.0,33463.41,34500.0,30871.95,持有中,2026-07-24,,,,0.87,33365.0,0.095,❄️降权(连亏5),混沌,5.0
2026-07-23,sn,形态,锡,内包线,多,72.0,423105.98,414000.0,445870.94,过期,,2026-07-28,,0.0,,,,❄️降权(连亏8),混沌,8.0
2026-07-23,cu,形态,铜,内包线,空,82.0,105481.37,106760.0,102284.81,持有中,2026-07-24,,,,0.62,104750.0,0.572,❄️降权(连亏5),反转,5.0
2026-07-23,zn,形态,锌,合并阳(2),多,43.0,24975.43,24430.0,26338.99,过期,,2026-07-28,,0.0,,,,❄️降权(连亏3),混沌,3.0
2026-07-23,br,形态,合成橡胶,看涨吞没,多,60.0,14021.5,13540.0,15225.25,假突破,,2026-07-24,14021.5,0.0,,,,❄️降权(连亏3),趋势,3.0
2026-07-23,fg,形态,玻璃,合并Pin(3),空,85.0,890.01,918.0,820.03,持有中,2026-07-28,,,,0.71,888.0,0.072,🎯重点2,趋势,0.0
2026-07-23,sa,形态,纯碱,内包线,空,90.0,986.95,1020.0,904.34,持有中,2026-07-28,,,,1.3,972.0,0.452,🎯重点6,趋势,5.0
2026-07-23,pg,形态,液化气,看涨Pin,多,74.0,5806.48,5630.0,6247.68,假突破,,2026-07-24,5806.48,0.0,,,,❄️降权(连亏3),趋势,3.0
2026-07-23,ma,形态,甲醇,合并Pin(2),多,72.0,2769.65,2672.0,3013.78,假突破,,2026-07-24,2769.65,0.0,,,,❄️降权(连亏3),趋势,3.0
2026-07-23,eb,形态,苯乙烯,合并Pin(3),多,61.0,8964.34,8559.0,9977.69,假突破,,2026-07-24,8964.34,0.0,,,,❄️降权(连亏2),趋势,2.0
2026-07-23,sc,形态,原油,合并阳(3),多,50.0,574.6,524.7,699.35,止损,2026-07-24,2026-07-29,524.7,-1.0,,589.4,0.297,❄️降权(连亏3),趋势,3.0
2026-07-23,v,形态,PVC,Fakey(多),多,52.0,4640.59,4534.0,4907.06,快速止损,2026-07-24,2026-07-27,4534.0,-1.0,,4656.0,0.145,❄️降权(连亏5),混沌,5.0
2026-07-23,sh,形态,烧碱,内包线,空,84.0,1858.71,1892.0,1775.49,假突破,,2026-07-24,1858.71,0.0,,,,🎯重点5,混沌,2.0
2026-07-23,au,形态,黄金,看跌Pin,空,100.0,899.33,912.88,865.47,持有中,2026-07-24,,,,1.32,883.8,1.146,🎯重点3,趋势,6.0
2026-07-23,ag,形态,白银,看跌Pin,空,88.0,14409.3,14950.0,13057.54,持有中,2026-07-24,,,,0.7,14154.0,0.472,🎯重点4,趋势,6.0
2026-07-23,tl,形态,30年国债,合并阳(2),多,82.0,114.86,113.82,117.46,假突破,,2026-07-24,114.86,0.0,,,,❄️降权(连亏5),混沌,5.0
2026-07-23,if,形态,沪深300股指,内包线,空,72.0,4628.99,4707.8,4431.97,达标,2026-07-24,2026-07-30,4431.97,2.5,,4578.2,0.644,❄️降权(连亏9),混沌,9.0
2026-07-23,sf,形态,硅铁,看跌Pin,空,72.0,5803.96,5922.0,5508.88,假突破,,2026-07-24,5803.96,0.0,,,,❄️降权(连亏7),趋势,7.0
2026-07-23,sm,形态,锰硅,合并阴(2),空,63.0,5656.52,5792.0,5317.82,假突破,,2026-07-24,5656.52,0.0,,,,今日不优先,趋势,0.0
2026-07-23,rb,形态,螺纹钢,Fakey(空),空,89.0,3076.63,3108.0,2998.21,持有中,2026-07-24,,,,2.0,3076.0,0.02,❄️降权(连亏8),趋势,8.0
2026-07-24,m,形态,豆粕,大阳线,多,76.0,3231.9,3166.0,3396.64,过期,,2026-07-29,,0.0,,,,❄️降权(连亏5),趋势,5.0
2026-07-24,m,互搏,豆粕,多多多(轻仓),多,,3232.0,3166.0,3364.0,过期,,2026-07-29,,0.0,,,,❄️降权(连亏5),趋势,5.0
2026-07-24,oi,形态,菜油,合并阳(2),多,86.0,10299.06,9947.0,11179.22,过期,,2026-07-29,,0.0,,,,🎯重点5,混沌,0.0
2026-07-24,rm,形态,菜粕,大阳线,多,81.0,2474.02,2364.0,2749.06,过期,,2026-07-29,,0.0,,,,❄️降权(连亏5),混沌,5.0
2026-07-24,rm,互搏,菜粕,多多多(轻仓),多,,2474.07,2364.0,2694.21,过期,,2026-07-29,,0.0,,,,❄️降权(连亏5),混沌,5.0
2026-07-24,y,形态,豆油,合并阳(2),多,78.0,8648.37,8445.0,9156.8,过期,,2026-07-29,,0.0,,,,❄️降权(连亏10),混沌,10.0
2026-07-24,p,形态,棕榈油,合并阳(2),多,61.0,9607.76,9260.0,10477.17,过期,,2026-07-29,,0.0,,,,❄️降权(连亏6),混沌,6.0
2026-07-24,sr,形态,白糖,合并Pin(2),空,99.0,5148.73,5197.0,5028.06,假突破,,2026-07-27,5148.73,0.0,,,,🎯重点2,趋势,5.0
2026-07-24,c,形态,玉米,看涨Pin,多,50.0,2279.92,2264.0,2319.72,过期,,2026-07-29,,0.0,,,,❄️降权(连亏3),混沌,3.0
2026-07-24,cj,形态,红枣,看跌Pin,空,100.0,7862.38,7970.0,7593.32,假突破,,2026-07-27,7862.38,0.0,,,,🎯重点1,趋势,1.0
2026-07-24,sn,形态,锡,看涨Pin,多,70.0,416519.03,409000.0,435316.61,快速止损,2026-07-27,2026-07-28,409000.0,-1.0,,421350.0,0.642,❄️降权(连亏7),混沌,7.0
2026-07-24,zn,形态,锌,内包线,多,70.0,24975.23,24610.0,25888.31,过期,,2026-07-29,,0.0,,,,❄️降权(连亏3),混沌,3.0
2026-07-24,lc,形态,碳酸锂,十字星,多,15.0,146175.52,141320.0,158314.33,止损,2026-07-27,2026-07-30,141320.0,-1.0,,147220.0,0.215,❄️降权(连亏10),趋势,10.0
2026-07-24,ru,形态,天然橡胶,看跌吞没,空,58.0,16688.68,17080.0,15710.4,假突破,,2026-07-27,16688.68,0.0,,,,❄️降权(连亏6),混沌,6.0
2026-07-24,ru,互搏,天然橡胶,空多空(重仓),空,,16690.28,17080.0,15910.84,假突破,,2026-07-27,16690.28,0.0,,,,❄️降权(连亏6),混沌,6.0
2026-07-24,sa,形态,纯碱,看涨Pin,多,48.0,1009.03,994.0,1046.6,过期,,2026-07-29,,0.0,,,,❄️降权(连亏5),趋势,5.0
2026-07-24,ma,形态,甲醇,合并Pin(3),多,56.0,2792.61,2672.0,3094.12,过期,,2026-07-29,,0.0,,,,❄️降权(连亏3),趋势,3.0
2026-07-24,sc,形态,原油,合并阳(3),多,64.0,607.42,542.2,770.48,过期,,2026-07-29,,0.0,,,,❄️降权(连亏3),趋势,3.0
2026-07-24,ta,形态,PTA,看跌吞没,空,82.0,5836.98,6078.0,5234.42,持有中,2026-07-27,,,,-0.03,5624.0,0.884,🎯重点3,反转,6.0
2026-07-24,ta,互搏,PTA,多空空1(轻仓),空,,5837.65,6078.0,5356.95,持有中,2026-07-27,,,,-0.03,5624.0,0.889,🎯重点3,反转,6.0
2026-07-24,sh,形态,烧碱,看跌吞没,空,74.0,1847.73,1889.0,1744.55,过期,,2026-07-29,,0.0,,,,❄️降权(连亏4),混沌,4.0
2026-07-24,v,形态,PVC,看涨Pin,多,55.0,4670.48,4534.0,5011.7,过期,,2026-07-29,,0.0,,,,❄️降权(连亏6),混沌,6.0
2026-07-24,au,形态,黄金,合并Pin(3),空,88.0,880.07,912.88,798.04,假突破,,2026-07-29,880.07,0.0,,,,🎯重点7,趋势,6.0
2026-07-24,tl,形态,30年国债,合并Pin(2),多,86.0,114.88,114.52,115.78,假突破,,2026-07-27,114.88,0.0,,,,🎯重点4,混沌,5.0
2026-07-24,jm,形态,焦煤,内包线,多,69.0,1298.24,1267.5,1375.1,过期,,2026-07-29,,0.0,,,,❄️降权(连亏9),混沌,9.0
2026-07-24,j,形态,焦炭,内包线,多,74.0,1862.3,1820.5,1966.81,假突破,,2026-07-27,1862.3,0.0,,,,🎯重点6,趋势,3.0
2026-07-24,hc,形态,热轧卷板,看涨Pin,多,62.0,3292.32,3277.0,3330.63,快速止损,2026-07-27,2026-07-28,3277.0,-1.0,,3294.0,0.11,❄️降权(连亏9),趋势,9.0
2026-07-24,i,形态,铁矿石,内包线,空,81.0,738.9,753.5,702.41,假突破,,2026-07-28,738.9,0.0,,,,❄️降权(连亏7),趋势,7.0
2026-07-27,m,形态,豆粕,合并Pin(2),空,38.0,3153.02,3230.0,2960.58,持有中,2026-07-28,,,,1.03,3101.0,0.676,❄️降权(连亏6),趋势,6.0
2026-07-27,oi,形态,菜油,大阴线,空,29.0,9958.5,10240.0,9254.76,持有中,2026-07-28,,,,0.23,9892.0,0.236,空头待背景,反转,0.0
2026-07-27,oi,互搏,菜油,多空空1(轻仓),空,,9959.08,10240.0,9397.24,持有中,2026-07-28,,,,0.24,9892.0,0.239,空头待背景,反转,0.0
2026-07-27,y,形态,豆油,大阴线,空,44.0,8460.46,8610.0,8086.61,持有中,2026-07-28,,,,0.16,8453.0,0.05,❄️降权(连亏10),混沌,10.0
2026-07-27,y,互搏,豆油,多空空2(加仓⇧),空,,8460.64,8610.0,8161.92,持有中,2026-07-28,,,,0.16,8453.0,0.051,❄️降权(连亏10),混沌,10.0
2026-07-27,rm,形态,菜粕,内包线,空,64.0,2361.86,2472.0,2086.51,持有中,2026-07-28,,,,0.66,2335.0,0.244,❄️降权(连亏5),混沌,5.0
2026-07-27,rm,互搏,菜粕,多空空1(轻仓),空,,2375.78,2446.0,2235.34,持有中,2026-07-28,,,,1.24,2335.0,0.581,❄️降权(连亏5),混沌,5.0
2026-07-27,p,形态,棕榈油,合并阴(2),空,29.0,9343.08,9600.0,8700.77,持有中,2026-07-28,,,,-0.19,9312.0,0.121,❄️降权(连亏6),反转,6.0
2026-07-27,c,形态,玉米,合并Pin(3),空,75.0,2261.09,2284.0,2203.81,假突破,,2026-07-29,2261.09,0.0,,,,🎯重点7,混沌,4.0
2026-07-27,cu,形态,铜,合并Pin(2),多,57.0,105417.71,104310.0,108186.99,假突破,,2026-07-28,105417.71,0.0,,,,❄️降权(连亏5),混沌,5.0
2026-07-27,al,形态,铝,十字星,空,47.0,23089.99,23325.0,22502.45,假突破,,2026-07-28,23089.99,0.0,,,,❄️降权(连亏7),混沌,7.0
2026-07-27,pb,形态,铅,合并阴(2),空,67.0,15510.38,15910.0,14511.34,过期,,2026-07-30,,0.0,,,,❄️降权(连亏5),趋势,5.0
2026-07-27,ni,形态,镍,内包线,空,90.0,131629.42,134350.0,124827.98,持有中,2026-07-28,,,,0.13,131010.0,0.228,🎯重点2,趋势,6.0
2026-07-27,ru,形态,天然橡胶,看涨Pin,多,73.0,16831.1,16575.0,17471.35,假突破,,2026-07-28,16831.1,0.0,,,,🎯重点4,反转,5.0
2026-07-27,br,形态,合成橡胶,大阴线,空,60.0,13067.68,13810.0,11211.88,持有中,2026-07-28,,,,0.13,12860.0,0.28,❄️降权(连亏6),趋势,6.0
2026-07-27,br,互搏,合成橡胶,多空空1(轻仓),空,,13069.81,13810.0,11589.43,持有中,2026-07-28,,,,0.13,12860.0,0.283,❄️降权(连亏6),趋势,6.0
2026-07-27,pg,形态,液化气,大阴线,空,40.0,5407.21,5753.0,4542.74,持有中,2026-07-28,,,,-0.45,5390.0,0.05,❄️降权(连亏7),趋势,7.0
2026-07-27,pg,互搏,液化气,多空空1(轻仓),空,,5408.36,5753.0,4719.08,持有中,2026-07-28,,,,-0.45,5390.0,0.053,❄️降权(连亏7),趋势,7.0
2026-07-27,eg,形态,乙二醇,看跌吞没,空,49.0,4730.09,5017.0,4012.82,过期,,2026-07-30,,0.0,,,,❄️降权(连亏2),趋势,2.0
2026-07-27,eg,互搏,乙二醇,多空空1(轻仓),空,,4730.61,5017.0,4157.83,过期,,2026-07-30,,0.0,,,,❄️降权(连亏2),趋势,2.0
2026-07-27,pp,形态,聚丙烯,大阴线,空,46.0,8018.47,8466.0,6899.64,过期,,2026-07-30,,0.0,,,,空头待背景,趋势,0.0
2026-07-27,pp,互搏,聚丙烯,多空空1(轻仓),空,,8018.95,8466.0,7124.85,过期,,2026-07-30,,0.0,,,,空头待背景,趋势,0.0
2026-07-27,ma,形态,甲醇,大阴线,空,63.0,2587.18,2769.0,2132.63,假突破,,2026-07-28,2587.18,0.0,,,,❄️降权(连亏4),趋势,4.0
2026-07-27,ma,互搏,甲醇,多空空1(轻仓),空,,2587.39,2769.0,2224.17,假突破,,2026-07-28,2587.39,0.0,,,,❄️降权(连亏4),趋势,4.0
2026-07-27,l,形态,聚乙烯,大阴线,空,49.0,7582.28,8000.0,6537.97,过期,,2026-07-30,,0.0,,,,❄️降权(连亏6),趋势,6.0
2026-07-27,l,互搏,聚乙烯,多空空1(轻仓),空,,7582.48,8000.0,6747.44,过期,,2026-07-30,,0.0,,,,❄️降权(连亏6),趋势,6.0
2026-07-27,eb,形态,苯乙烯,合并阴(2),空,78.0,8315.97,9078.0,6410.89,假突破,,2026-07-28,8315.97,0.0,,,,❄️降权(连亏4),趋势,4.0
2026-07-27,sc,形态,原油,大阴线,空,68.0,539.22,585.6,423.26,持有中,2026-07-28,,,,-0.62,532.7,0.141,❄️降权(连亏3),趋势,3.0
2026-07-27,sc,互搏,原油,多空空1(轻仓),空,,539.33,585.6,446.79,持有中,2026-07-28,,,,-0.62,532.7,0.143,❄️降权(连亏3),趋势,3.0
2026-07-27,ta,形态,PTA,合并阴(2),空,75.0,5574.72,6078.0,4316.53,过期,,2026-07-30,,0.0,,,,❄️降权(连亏6),混沌,6.0
2026-07-27,ta,互搏,PTA,空多空(重仓),空,,5575.35,5866.0,4994.05,过期,,2026-07-30,,0.0,,,,❄️降权(连亏6),混沌,6.0
2026-07-27,sh,形态,烧碱,看跌Pin,空,97.0,1872.68,1925.0,1741.89,持有中,2026-07-28,,,,0.59,1862.0,0.204,🎯重点3,混沌,5.0
2026-07-27,tl,形态,30年国债,看跌Pin,空,48.0,114.71,115.18,113.53,快速止损,2026-07-29,2026-07-30,115.18,-1.0,,114.64,0.149,❄️降权(连亏6),混沌,6.0
2026-07-27,if,形态,沪深300股指,看涨吞没,多,33.0,4657.12,4572.2,4869.43,过期,,2026-07-30,,0.0,,,,❄️降权(连亏8),混沌,8.0
2026-07-27,ic,形态,中证500股指,看涨吞没,多,35.0,7679.32,7394.2,8392.13,过期,,2026-07-30,,0.0,,,,❄️降权(连亏5),趋势,5.0
2026-07-27,ic,互搏,中证500股指,空多多1(轻仓),多,,7680.39,7394.2,8252.77,过期,,2026-07-30,,0.0,,,,❄️降权(连亏5),趋势,5.0
2026-07-27,j,形态,焦炭,Fakey(空),空,74.0,1831.74,1863.0,1753.59,持有中,2026-07-28,,,,0.34,1825.0,0.216,❄️降权(连亏3),趋势,3.0
2026-07-27,jm,形态,焦煤,Fakey(多),多,74.0,1286.21,1261.0,1349.25,过期,,2026-07-30,,0.0,,,,🎯重点5,反转,9.0
2026-07-27,ss,形态,不锈钢,内包线,空,67.0,14643.68,14855.0,14115.38,持有中,2026-07-28,,,,0.4,14515.0,0.609,❄️降权(连亏7),混沌,7.0
2026-07-27,rb,形态,螺纹钢,看跌Pin,空,85.0,3071.68,3089.0,3028.38,达标,2026-07-28,2026-07-30,3028.38,2.5,,3060.0,0.674,🎯重点6,趋势,9.0
2026-07-27,i,形态,铁矿石,合并Pin(3),空,93.0,738.92,753.5,702.45,假突破,,2026-07-28,738.92,0.0,,,,🎯重点1,趋势,6.0
2026-07-28,m,形态,豆粕,合并阴(2),空,42.0,3095.96,3209.0,2813.34,假突破,,2026-07-29,3095.96,0.0,,,,❄️降权(连亏6),趋势,6.0
2026-07-28,oi,形态,菜油,合并阴(2),空,40.0,9858.51,10240.0,8904.79,假突破,,2026-07-30,9858.51,0.0,,,,❄️降权(连亏2),反转,2.0
2026-07-28,y,形态,豆油,合并阴(2),空,52.0,8389.41,8610.0,7837.94,待触发,,,,,,,,❄️降权(连亏10),混沌,10.0
2026-07-28,rm,形态,菜粕,合并阴(2),空,65.0,2328.83,2446.0,2035.9,持有中,2026-07-30,,,,0.34,2289.0,0.34,❄️降权(连亏5),混沌,5.0
2026-07-28,p,形态,棕榈油,合并阴(2),空,35.0,9256.13,9532.0,8566.47,待触发,,,,,,,,❄️降权(连亏5),混沌,5.0
2026-07-28,sr,形态,白糖,内包线,空,85.0,5132.77,5176.0,5024.69,持有中,2026-07-29,,,,1.01,5120.0,0.295,🎯重点4,趋势,6.0
2026-07-28,c,形态,玉米,看跌Pin,空,86.0,2261.1,2279.0,2216.36,假突破,,2026-07-29,2261.1,0.0,,,,🎯重点5,混沌,4.0
2026-07-28,cu,形态,铜,合并Pin(2),空,64.0,104472.95,105650.0,101530.32,假突破,,2026-07-29,104472.95,0.0,,,,❄️降权(连亏5),反转,5.0
2026-07-28,zn,形态,锌,看跌吞没,空,56.0,24665.31,24935.0,23991.08,假突破,,2026-07-29,24665.31,0.0,,,,❄️降权(连亏3),混沌,3.0
2026-07-28,zn,互搏,锌,多空空1(轻仓),空,,24666.51,24935.0,24129.53,假突破,,2026-07-29,24666.51,0.0,,,,❄️降权(连亏3),混沌,3.0
2026-07-28,pb,形态,铅,看跌Pin,空,100.0,15610.55,15765.0,15224.43,假突破,,2026-07-29,15610.55,0.0,,,,🎯重点6,趋势,5.0
2026-07-28,br,形态,合成橡胶,合并阴(2),空,66.0,12827.88,13810.0,10372.59,假突破,,2026-07-29,12827.88,0.0,,,,❄️降权(连亏6),趋势,6.0
2026-07-28,sa,形态,纯碱,合并阴(2),空,66.0,967.97,1008.0,867.9,持有中,2026-07-29,,,,0.6,960.0,0.199,❄️降权(连亏5),趋势,5.0
2026-07-28,eg,形态,乙二醇,十字星,空,4.0,4726.07,4877.0,4348.75,待触发,,,,,,,,❄️降权(连亏2),趋势,2.0
2026-07-28,pg,形态,液化气,合并阴(2),空,41.0,5347.4,5753.0,4333.39,待触发,,,,,,,,❄️降权(连亏7),趋势,7.0
2026-07-28,pp,形态,聚丙烯,内包线,空,83.0,8018.75,8466.0,6900.63,待触发,,,,,,,,空头待背景,趋势,0.0
2026-07-28,ma,形态,甲醇,合并阴(2),空,57.0,2581.32,2769.0,2112.11,待触发,,,,,,,,❄️降权(连亏4),趋势,4.0
2026-07-28,l,形态,聚乙烯,内包线,空,82.0,7582.48,8000.0,6538.66,待触发,,,,,,,,❄️降权(连亏6),趋势,6.0
2026-07-28,ta,形态,PTA,内包线,空,100.0,5575.03,5866.0,4847.59,待触发,,,,,,,,🎯重点2,反转,5.0
2026-07-28,eb,形态,苯乙烯,合并阴(2),空,39.0,8293.36,8892.0,6796.78,假突破,,2026-07-29,8293.36,0.0,,,,❄️降权(连亏4),趋势,4.0
2026-07-28,sc,形态,原油,合并阴(2),空,70.0,526.22,585.6,377.79,假突破,,2026-07-29,526.22,0.0,,,,❄️降权(连亏3),趋势,3.0
2026-07-28,sh,形态,烧碱,合并Pin(2),空,73.0,1851.7,1925.0,1668.44,假突破,,2026-07-29,1851.7,0.0,,,,❄️降权(连亏4),混沌,4.0
2026-07-28,au,形态,黄金,合并Pin(2),空,84.0,881.17,899.8,834.58,假突破,,2026-07-29,881.17,0.0,,,,🎯重点7,趋势,4.0
2026-07-28,tl,形态,30年国债,内包线,多,85.0,115.2,114.73,116.38,持有中,2026-07-30,,,,0.4,115.39,0.404,🎯重点3,混沌,6.0
2026-07-28,sf,形态,硅铁,合并Pin(3),空,56.0,5771.81,5928.0,5381.35,假突破,,2026-07-30,5771.81,0.0,,,,❄️降权(连亏8),趋势,8.0
2026-07-28,sm,形态,锰硅,内包线,空,100.0,5664.64,5750.0,5451.23,假突破,,2026-07-30,5664.64,0.0,,,,🎯重点1,趋势,1.0
2026-07-29,cf,形态,棉花,内包线,空,67.0,15774.92,15965.0,15299.72,持有中,2026-07-30,,,,0.42,15695.0,0.42,❄️降权(连亏4),混沌,4.0
2026-07-29,y,形态,豆油,内包线,空,77.0,8389.52,8504.0,8103.33,待触发,,,,,,,,❄️降权(连亏9),混沌,9.0
2026-07-29,p,形态,棕榈油,内包线,多,62.0,9407.72,9264.0,9767.03,假突破,,2026-07-30,9407.72,0.0,,,,❄️降权(连亏4),混沌,4.0
2026-07-29,c,形态,玉米,Fakey(多),多,60.0,2269.89,2256.0,2304.6,假突破,,2026-07-30,2269.89,0.0,,,,❄️降权(连亏5),反转,5.0
2026-07-29,sn,形态,锡,内包线,多,80.0,422127.23,408530.0,456120.3,假突破,,2026-07-30,422127.23,0.0,,,,🎯重点3,混沌,7.0
2026-07-29,al,互搏,铝,空多多2(加仓⇧),多,,23558.36,23130.0,24415.08,持有中,2026-07-30,,,,0.16,23625.0,0.156,—,混沌,8.0
2026-07-29,pb,形态,铅,看涨吞没,多,47.0,15844.59,15590.0,16481.06,假突破,,2026-07-30,15844.59,0.0,,,,❄️降权(连亏5),趋势,5.0
2026-07-29,pb,互搏,铅,空多多2(加仓⇧),多,,15844.91,15590.0,16354.73,假突破,,2026-07-30,15844.91,0.0,,,,❄️降权(连亏5),趋势,5.0
2026-07-29,ru,形态,天然橡胶,合并阴(2),空,50.0,16308.78,16855.0,14943.24,假突破,,2026-07-30,16308.78,0.0,,,,❄️降权(连亏7),混沌,7.0
2026-07-29,sa,形态,纯碱,合并阴(2),空,71.0,957.98,995.0,865.43,持有中,2026-07-30,,,,0.38,944.0,0.378,🎯重点4,趋势,5.0
2026-07-29,ma,形态,甲醇,看涨吞没,多,34.0,2670.65,2586.0,2882.27,假突破,,2026-07-30,2670.65,0.0,,,,❄️降权(连亏5),趋势,5.0
2026-07-29,eb,形态,苯乙烯,看涨吞没,多,58.0,8588.62,8287.0,9342.67,持有中,2026-07-30,,,,0.1,8618.0,0.097,❄️降权(连亏5),趋势,5.0
2026-07-29,sc,形态,原油,合并Pin(2),多,39.0,555.1,519.4,644.34,持有中,2026-07-30,,,,0.37,568.2,0.367,❄️降权(连亏5),趋势,5.0
2026-07-29,ag,形态,白银,内包线,空,92.0,13840.69,14488.0,12222.4,待触发,,,,,,,,🎯重点2,趋势,4.0
2026-07-29,tl,形态,30年国债,看跌吞没,空,41.0,114.56,115.15,113.08,待触发,,,,,,,,❄️降权(连亏5),反转,5.0
2026-07-29,tl,互搏,30年国债,多空空1(轻仓),空,,114.56,115.15,113.38,待触发,,,,,,,,❄️降权(连亏5),反转,5.0
2026-07-29,ic,形态,中证500股指,合并Pin(2),多,42.0,7548.78,7260.6,8269.22,待触发,,,,,,,,❄️降权(连亏4),趋势,4.0
2026-07-29,sf,形态,硅铁,合并Pin(3),多,56.0,5944.3,5782.0,6350.04,待触发,,,,,,,,❄️降权(连亏8),趋势,8.0
2026-07-29,sm,形态,锰硅,看涨吞没,多,38.0,5737.33,5678.0,5885.67,待触发,,,,,,,,逆势·不追,趋势,1.0
2026-07-29,sm,互搏,锰硅,空多多1(轻仓),多,,5737.2,5678.0,5855.6,待触发,,,,,,,,逆势·不追,趋势,1.0
2026-07-29,rb,形态,螺纹钢,看跌Pin,空,90.0,3053.69,3081.0,2985.41,持有中,2026-07-30,,,,1.45,3014.0,1.453,🎯重点1,趋势,0.0
2026-07-30,y,形态,豆油,Fakey(多),多,74,8469.24,8402.0,8637.34,待触发,,,,,,,,🎯重点3,反转,9
2026-07-30,p,形态,棕榈油,Fakey(空),空,74,9309.42,9416.0,9042.96,待触发,,,,,,,,❄️降权(连亏4),反转,4
2026-07-30,sr,形态,白糖,合并阴(2),空,53,5076.7,5150.0,4893.44,待触发,,,,,,,,❄️降权(连亏3),趋势,3
2026-07-30,cj,形态,红枣,内包线,空,79,7852.34,7990.0,7508.18,待触发,,,,,,,,🎯重点4,趋势,4
2026-07-30,sn,形态,锡,Fakey(空),空,52,413679.68,423660.0,388728.89,待触发,,,,,,,,❄️降权(连亏9),混沌,9
2026-07-30,al,形态,铝,合并阳(2),多,48,23730.14,23130.0,25230.49,待触发,,,,,,,,❄️降权(连亏8),混沌,8
2026-07-30,ni,形态,镍,十字星,空,47,130130.34,132220.0,124906.19,待触发,,,,,,,,❄️降权(连亏5),趋势,5
2026-07-30,lc,形态,碳酸锂,合并Pin(2),空,74,140255.65,149400.0,117394.77,待触发,,,,,,,,🎯重点5,趋势,9
2026-07-30,ru,形态,天然橡胶,十字星,多,7,16475.84,16285.0,16952.95,待触发,,,,,,,,❄️降权(连亏7),反转,7
2026-07-30,br,形态,合成橡胶,看涨Pin,多,62,13081.18,12760.0,13884.14,待触发,,,,,,,,❄️降权(连亏7),趋势,7
2026-07-30,sa,形态,纯碱,合并阴(2),空,62,934.96,976.0,832.36,待触发,,,,,,,,❄️降权(连亏2),趋势,2
2026-07-30,eg,形态,乙二醇,合并阳(2),多,78,5148.03,4783.0,6060.59,待触发,,,,,,,,今日不优先,趋势,1
2026-07-30,l,形态,聚乙烯,十字星,多,47,7847.27,7602.0,8460.45,待触发,,,,,,,,❄️降权(连亏6),趋势,6
2026-07-30,pg,形态,液化气,看涨Pin,多,80,5590.28,5355.0,6178.49,待触发,,,,,,,,❄️降权(连亏7),趋势,7
2026-07-30,eb,形态,苯乙烯,看涨Pin,多,67,8696.4,8287.0,9719.91,待触发,,,,,,,,❄️降权(连亏6),趋势,6
2026-07-30,sc,形态,原油,合并阳(2),多,48,570.7,519.4,698.94,待触发,,,,,,,,❄️降权(连亏6),趋势,6
2026-07-30,au,形态,黄金,看跌Pin,空,91,873.61,894.88,820.42,待触发,,,,,,,,🎯重点2,趋势,5
2026-07-30,ag,形态,白银,Fakey(空),空,97,13911.72,14598.0,12196.02,待触发,,,,,,,,🎯重点1,趋势,4
2026-07-30,tl,形态,30年国债,大阳线,多,73,115.42,114.68,117.28,待触发,,,,,,,,❄️降权(连亏3),混沌,3
2026-07-30,tl,互搏,30年国债,多多多(轻仓),多,,115.42,114.68,116.9,待触发,,,,,,,,❄️降权(连亏3),混沌,3
2026-07-30,if,形态,沪深300股指,十字星,多,7,4560.6,4420.0,4912.1,待触发,,,,,,,,逆势·不追,混沌,0
2026-07-30,sf,形态,硅铁,大阴线,空,44,5751.52,5900.0,5380.31,待触发,,,,,,,,❄️降权(连亏8),趋势,8
2026-07-30,sf,互搏,硅铁,多空空1(轻仓),空,,5751.88,5900.0,5455.64,待触发,,,,,,,,❄️降权(连亏8),趋势,8
2026-07-30,j,形态,焦炭,合并Pin(2),空,64,1810.28,1862.5,1679.74,待触发,,,,,,,,❄️降权(连亏4),趋势,4
2026-07-30,ss,形态,不锈钢,看跌Pin,空,77,14534.06,14685.0,14156.71,待触发,,,,,,,,❄️降权(连亏6),混沌,6
2026-07-30,rb,形态,螺纹钢,大阴线,空,70,3006.62,3061.0,2870.67,待触发,,,,,,,,🎯重点7,趋势,0
2026-07-30,rb,互搏,螺纹钢,空空空(轻仓),空,,3006.62,3061.0,2897.86,待触发,,,,,,,,🎯重点7,趋势,0
2026-07-30,hc,形态,热轧卷板,大阴线,空,74,3233.64,3290.0,3092.74,待触发,,,,,,,,🎯重点6,趋势,1
2026-07-30,hc,互搏,热轧卷板,空空空(轻仓),空,,3233.74,3290.0,3121.22,待触发,,,,,,,,🎯重点6,趋势,1
2026-07-30,i,形态,铁矿石,大阴线,空,78,711.89,739.0,644.13,待触发,,,,,,,,❄️降权(连亏7),趋势,7
2026-07-30,i,互搏,铁矿石,空空空(轻仓),空,,711.92,739.0,657.76,待触发,,,,,,,,❄️降权(连亏7),趋势,7
